//1,//2,//3,//4,//5,//6,//7,//8,//9,//10,//11,//12,//13,//14,//15,//16,//17,//18,//19,//20,//21,//22,//23,//24,//25,//26,//27,//28,//29,//30,//31,//32,//33,//34,//35,//36,//37,//38,//39,//40,//41,//42,//43,//44,//45,//46,//47,//48,//49,//50,//51,//52,//53,//54,//55,//56,//57,//58,//59,//60,//61,//62,//63,//64,//65,//66,//67,//68
110,0,0,0,0,0,0,0,0,0,0,0,0,0,0,0,0,0,0,0,0,0,0,0,0,0,0,110,110,110,110,100,100,100,100,0,0,0,0,0,0,0,0,0,0,0,0,0,0,0,0,0,0,0,0,0,0,0,0,0,0,0,0,0,0,0,0,110
110,0,0,0,0,0,0,0,0,0,0,0,0,0,0,0,0,0,0,0,0,0,0,0,0,0,0,110,110,110,110,100,100,100,100,0,0,0,0,0,0,0,0,0,0,0,0,0,0,0,0,0,0,0,0,0,0,0,0,0,0,0,0,0,0,0,0,110
110,0,0,0,0,0,0,0,0,0,0,0,0,0,0,0,0,0,0,0,0,0,0,0,0,0,0,110,110,110,110,100,100,100,100,0,0,0,0,0,0,0,0,0,0,0,0,0,0,0,0,0,0,0,0,0,0,0,0,0,0,0,0,0,0,0,0,110
110,0,0,0,0,0,0,0,0,0,0,0,0,0,0,0,0,0,0,0,0,0,0,0,0,0,0,110,110,110,110,100,100,100,100,0,0,0,0,0,0,0,0,0,0,0,0,0,0,0,0,0,0,0,0,0,0,0,0,0,0,0,0,0,0,0,0,110
110,0,0,0,0,0,0,0,0,0,0,0,0,0,0,0,0,0,0,0,0,0,0,0,0,0,0,110,110,110,110,100,100,100,100,0,0,0,0,0,0,0,0,0,0,0,0,0,0,0,0,0,0,0,0,0,0,0,0,0,0,0,0,0,0,0,0,110
110,0,0,0,0,0,0,0,0,0,0,0,0,0,0,0,0,0,0,0,0,0,0,0,0,0,0,110,110,110,110,100,100,100,100,0,0,0,0,0,0,0,0,0,0,0,0,0,0,0,0,0,0,0,0,0,0,0,0,0,0,0,0,0,0,0,0,110
110,0,0,0,0,0,0,0,0,0,0,0,0,0,0,0,0,0,0,0,0,0,0,0,0,0,0,110,110,110,110,100,100,100,100,0,0,0,0,0,0,0,0,0,0,100,100,100,100,110,0,0,0,0,0,0,0,0,0,0,0,0,0,0,0,0,0,110
110,0,0,0,0,0,0,0,0,0,0,0,0,0,0,0,0,0,0,0,0,0,0,0,0,0,0,110,110,110,110,100,100,100,100,0,0,0,0,0,0,0,0,0,0,100,100,100,100,110,0,0,0,0,0,100,100,100,100,100,100,100,100,100,100,100,100,110
110,0,0,0,0,0,0,0,0,0,0,0,0,0,0,0,0,0,0,0,0,0,0,0,0,0,0,110,110,110,110,100,100,100,100,0,0,0,0,0,0,0,0,0,0,100,100,100,100,110,0,0,0,0,0,100,100,100,100,100,100,100,100,100,100,100,100,110
110,0,0,0,0,0,0,0,0,0,0,0,0,0,0,0,0,0,0,0,0,0,0,0,0,0,0,110,110,110,110,100,100,100,100,0,0,0,0,0,0,0,0,0,0,100,100,100,100,110,0,0,0,0,0,100,100,100,100,100,100,100,100,100,100,100,100,110
110,0,0,0,0,0,0,0,0,0,0,0,0,0,0,0,0,0,0,0,0,0,0,0,0,0,0,110,110,110,110,100,100,100,100,0,0,0,0,0,0,0,0,0,0,100,100,100,100,110,0,0,0,0,0,100,100,100,100,100,100,100,100,100,100,100,100,110
110,0,0,0,0,0,0,0,0,0,0,0,0,0,0,0,0,0,0,0,0,0,0,0,0,0,0,110,110,110,110,100,100,100,100,0,0,0,0,0,0,0,0,0,0,100,100,100,100,110,0,0,0,0,0,100,100,100,100,100,100,100,100,100,100,100,100,110
110,0,0,0,0,0,0,0,0,0,0,0,0,0,0,0,0,0,0,0,0,0,0,0,0,0,0,110,110,110,110,100,100,100,100,0,0,0,0,0,0,0,0,0,0,100,100,100,100,110,0,0,0,0,0,100,100,100,100,100,100,100,100,100,100,100,100,110
110,0,0,0,0,0,0,0,0,0,0,0,0,0,0,0,0,0,0,0,0,0,0,0,0,0,0,110,110,110,110,100,100,100,100,0,0,0,0,0,0,0,0,0,0,100,100,100,100,110,0,0,0,0,0,100,100,100,100,100,100,100,100,100,100,100,100,110
110,0,0,0,0,0,0,0,0,0,0,0,0,0,0,0,0,0,0,0,0,0,0,0,0,0,0,110,110,110,110,100,100,100,100,0,0,0,0,0,0,0,0,0,0,100,100,100,100,110,0,0,0,0,0,"130,4,0","132,3",0,0,"130,3",0,0,"132,3","130,4,0",0,0,0,110
110,0,0,0,0,0,0,0,0,0,0,0,0,0,0,0,0,0,0,0,0,0,0,0,0,0,0,110,110,110,110,100,100,100,100,0,0,0,0,0,0,0,0,0,0,100,100,100,100,110,0,0,0,0,0,"130,4,0","132,3",0,0,"130,3",0,0,"132,3","130,4,0",0,0,0,110
110,0,0,0,0,0,0,0,0,0,0,0,0,0,0,0,0,0,0,0,0,0,0,0,0,0,0,110,110,110,110,0,0,0,0,0,0,0,0,0,0,0,0,0,0,0,0,0,0,0,0,0,0,0,0,"130,4,0","132,3",0,0,"130,3",0,0,"132,3","130,4,0",0,0,0,110
110,0,0,0,0,0,0,0,0,0,0,0,0,0,0,0,0,0,0,0,0,0,0,0,0,0,0,110,110,110,110,0,0,0,0,0,0,0,0,0,0,0,0,0,0,0,0,0,0,0,0,0,0,0,0,"130,4,0","132,3",0,0,"130,3",0,0,"132,3","130,4,0",0,0,0,110
110,0,0,0,0,0,0,0,0,0,0,0,0,0,0,0,0,0,0,0,0,0,0,0,0,0,0,110,110,110,110,0,0,0,0,0,0,0,0,0,0,0,0,0,0,0,0,0,0,0,0,"121,3,4",0,"125,3,4",0,"130,4,0","132,3",0,"121,3,4","130,3",0,0,"132,3","130,4,0",0,"123,3",0,110
110,0,0,0,0,0,0,0,0,0,0,0,0,0,0,0,0,0,0,0,0,0,0,0,0,0,0,110,110,110,110,0,0,0,0,0,0,0,0,0,0,0,0,0,0,100,100,100,100,100,100,100,100,100,100,100,100,100,100,100,0,0,100,100,100,100,100,110
110,0,0,0,0,0,0,0,0,0,0,0,0,0,0,0,0,0,0,0,0,0,0,0,0,0,0,100,100,100,100,100,100,100,100,0,0,0,0,0,0,0,0,0,0,100,100,100,100,100,100,100,100,100,0,0,0,"130,3","132,3","131,3",0,0,0,0,"132,4",0,0,110
110,0,0,0,0,0,0,0,0,0,0,0,0,0,0,0,0,0,0,0,0,0,0,0,0,0,0,100,100,100,100,100,100,100,100,0,0,0,0,0,0,0,0,0,0,100,100,100,100,100,100,100,100,100,0,0,0,"130,3","132,3","131,3",0,0,0,0,"132,4",0,0,110
110,0,0,0,0,0,0,0,0,0,0,0,0,0,0,0,0,0,0,0,0,"130,2",0,0,0,0,0,100,100,100,100,100,100,100,100,0,0,0,0,0,0,0,0,100,105,100,100,100,100,100,100,100,100,100,0,0,0,"130,3","132,3","131,3",0,0,0,0,"132,4",0,0,110
110,0,0,0,0,0,0,0,0,0,0,0,0,0,0,0,0,0,0,0,0,"130,2",0,0,0,0,0,100,100,100,100,100,100,100,100,105,105,0,0,0,0,0,100,0,0,100,100,100,100,100,100,100,100,100,0,0,0,100,100,100,100,100,0,0,"132,4",0,"121,3,4",110
110,0,0,0,0,0,0,0,0,0,0,0,0,0,0,0,0,0,0,0,0,"130,2",0,0,0,0,0,100,100,100,100,100,100,100,100,0,0,105,0,0,0,0,0,0,0,100,100,100,100,100,100,100,100,100,0,0,0,0,0,100,100,0,0,0,100,100,100,110
110,0,0,0,0,0,0,0,0,0,0,0,0,0,0,0,0,0,0,0,0,"130,2",0,0,0,0,0,100,100,100,100,100,100,100,100,0,0,0,0,0,0,0,0,0,0,100,100,100,100,100,100,100,100,100,"121,3,4",0,0,0,0,100,100,0,0,0,100,100,100,110
110,0,0,0,0,0,0,0,0,0,0,0,0,0,0,0,0,0,0,0,0,"130,2",0,0,0,0,0,100,100,100,100,100,100,100,100,0,0,0,0,0,0,0,0,0,0,100,100,100,100,100,100,100,100,100,100,0,0,0,0,100,100,0,"125,3,4",0,100,100,100,110
110,0,0,0,0,0,0,0,0,0,0,0,0,0,0,0,0,0,0,0,0,"130,2",0,0,0,0,0,100,100,100,100,100,100,100,100,0,0,0,105,105,100,100,0,0,0,100,100,100,100,100,100,100,100,100,0,0,0,0,0,100,100,100,100,100,100,100,100,110
110,0,0,0,0,0,0,0,0,0,0,0,0,0,0,0,0,0,0,0,0,"130,2",0,0,0,0,0,100,100,100,100,100,100,100,100,0,0,0,0,0,0,0,0,0,0,100,100,100,100,100,100,100,100,100,0,0,0,0,0,100,100,100,100,100,100,100,100,110
110,0,0,0,0,0,0,0,0,0,0,0,0,0,0,0,0,0,0,0,0,"130,2",0,0,0,0,0,100,100,100,100,100,100,100,100,0,0,0,0,0,0,0,0,0,0,100,100,100,100,100,100,100,100,100,0,0,0,100,100,100,100,100,100,100,100,100,100,110
110,0,0,0,0,0,0,0,0,0,0,0,0,0,0,0,0,0,0,0,0,"130,2",0,0,0,0,0,100,100,100,100,100,100,100,100,0,0,0,0,0,0,0,0,0,0,100,100,100,100,100,100,100,100,100,0,0,0,0,0,100,100,100,100,100,100,100,100,110
110,0,0,0,0,0,0,0,0,0,0,0,0,0,0,0,0,0,0,0,0,"130,2",0,0,0,0,0,100,100,100,100,100,100,100,100,100,100,0,0,0,0,0,0,100,100,100,100,100,100,100,100,100,100,100,0,0,0,0,0,0,0,0,0,0,100,0,0,110
110,0,0,0,0,0,0,0,0,0,0,0,0,0,0,0,0,0,0,0,0,"130,2",0,0,0,0,0,100,100,100,100,100,100,100,100,0,0,0,0,0,0,0,0,0,0,100,100,100,100,100,100,100,100,100,0,0,100,0,0,0,0,0,0,0,100,0,0,110
110,0,0,0,0,0,0,0,0,0,0,0,0,0,0,0,0,0,0,0,0,"130,2",0,0,0,0,0,100,100,100,100,100,100,100,100,0,0,0,0,0,0,0,0,0,0,100,100,100,100,100,100,100,100,100,0,0,0,0,0,0,0,0,0,0,100,0,0,110
110,0,0,0,0,0,0,0,0,0,0,0,0,0,0,0,0,0,0,0,0,"130,2",0,0,0,0,0,100,100,100,100,100,100,100,100,0,0,0,0,0,105,105,0,0,0,100,100,100,100,100,0,0,0,"130,4,0",0,0,0,0,0,0,0,0,0,0,100,0,0,110
110,0,0,0,0,0,0,0,0,0,0,0,0,0,0,0,0,0,0,0,0,"130,2",0,0,0,0,0,100,100,100,100,100,100,100,100,0,0,0,0,100,0,0,0,0,0,100,100,100,100,100,0,0,0,"130,4,0",0,0,0,0,100,100,0,0,0,0,100,0,0,110
110,0,0,0,0,0,0,0,0,0,0,0,0,0,0,0,0,0,0,0,0,"130,2",0,0,0,0,0,100,100,100,100,100,100,100,100,0,0,0,0,0,0,0,0,0,0,100,100,100,100,100,0,0,0,"130,4,0",0,0,0,0,100,100,0,0,200,0,100,300,0,110
110,0,0,0,0,0,0,0,0,0,0,0,0,0,0,0,0,0,0,0,0,"130,2",0,0,0,0,0,100,100,100,100,100,100,100,100,0,0,0,0,0,0,0,0,0,0,100,100,100,100,100,100,100,100,100,100,100,100,100,100,100,100,100,100,100,100,100,110,110
110,0,0,0,0,0,0,0,0,0,0,0,0,0,0,0,0,0,0,0,0,"130,2",0,0,0,0,0,100,100,100,100,100,100,100,100,100,100,0,0,0,0,0,0,0,0,100,100,100,100,100,100,100,100,100,100,100,100,100,100,100,100,100,100,100,100,100,110,110
110,0,0,0,0,0,0,0,0,0,0,0,250,0,0,0,0,0,0,0,0,"130,2",0,0,0,0,0,100,100,100,100,100,100,100,100,0,0,0,0,0,0,0,0,0,0,100,100,100,100,100,100,100,100,100,100,100,100,100,100,100,100,100,100,100,100,100,110,110
110,0,0,0,0,0,0,0,0,0,0,0,0,0,0,0,0,0,0,0,"121,2","130,2",0,0,0,0,0,100,100,100,100,100,100,100,100,0,0,0,0,0,0,0,0,0,0,100,100,100,100,100,100,100,100,100,100,100,100,100,100,100,100,100,100,100,100,100,110,110
110,0,0,0,0,0,0,0,100,100,100,100,100,100,100,100,100,100,100,100,100,100,0,0,0,0,0,100,100,100,100,100,100,100,100,0,0,0,0,0,0,0,0,0,0,100,100,100,100,100,100,100,100,100,100,100,100,100,100,100,100,100,100,100,100,100,110,110
110,0,0,0,0,0,0,0,100,100,100,100,100,100,100,100,100,100,100,0,0,0,0,0,0,0,0,100,100,100,100,100,100,100,100,0,0,0,100,0,0,0,0,0,0,100,100,100,100,100,100,100,100,100,100,100,100,100,100,100,100,100,100,100,100,100,110,110
110,0,0,0,0,0,0,0,100,100,100,100,100,100,100,100,100,100,100,0,0,0,0,0,0,0,0,100,100,100,100,100,100,100,100,0,0,0,0,100,0,0,0,0,0,100,100,100,100,100,100,100,100,100,0,0,0,0,0,0,0,0,0,0,0,0,110,110
110,100,100,100,100,100,100,100,100,100,100,100,100,100,100,100,100,100,100,0,0,0,0,0,0,0,0,100,100,100,100,100,100,100,100,0,0,0,0,0,105,0,0,0,0,100,100,100,100,100,100,100,100,100,0,0,0,0,0,0,0,0,0,0,0,0,110,110
110,100,100,100,100,100,100,100,100,100,100,100,100,100,100,100,100,100,100,0,0,0,0,0,0,"123,2",0,100,100,100,100,100,100,100,100,0,0,0,0,0,0,105,0,0,0,100,100,100,100,100,100,100,100,100,0,0,0,0,0,0,0,0,0,0,0,0,110,110
110,100,100,100,100,100,100,100,100,100,100,100,100,100,100,100,100,100,100,0,0,0,0,0,100,100,100,100,100,100,100,100,100,100,100,0,0,0,0,0,0,0,0,0,0,100,100,100,100,100,100,100,100,100,0,0,0,0,0,0,0,0,0,0,0,0,110,110
110,100,100,100,100,100,100,100,100,100,100,100,100,100,100,100,100,100,100,0,0,0,0,0,100,100,100,100,100,100,100,100,100,100,100,0,0,0,0,0,0,0,0,100,100,100,100,100,100,100,100,100,100,100,0,0,0,0,0,0,0,0,0,0,0,0,110,110
110,100,100,100,100,100,100,100,100,100,100,100,100,100,100,100,100,100,100,0,0,0,0,0,"131,2",0,0,0,0,0,0,0,0,0,0,0,0,0,0,0,0,0,0,0,0,100,100,100,100,100,100,100,100,100,0,0,0,0,0,0,0,0,0,0,0,0,110,110
110,100,100,100,100,100,100,100,100,100,100,100,100,100,100,100,100,100,100,0,0,250,0,0,"131,2",0,0,0,0,0,0,0,0,0,0,0,0,0,0,0,0,0,0,0,0,100,100,100,100,100,100,100,100,100,0,0,0,0,0,0,0,0,0,0,0,0,110,110
110,100,100,100,100,100,100,100,100,100,100,100,100,100,100,100,100,100,100,0,0,0,0,0,"131,2",0,0,0,0,0,0,0,0,0,0,0,0,0,0,0,0,0,0,0,0,100,100,100,100,100,100,100,100,100,0,0,0,0,0,0,0,0,0,0,0,0,110,110
110,100,100,100,100,100,100,100,100,100,100,100,100,100,100,100,100,100,100,100,100,100,100,100,100,100,100,100,100,100,100,100,100,100,100,100,100,100,100,100,100,100,100,100,100,100,100,100,100,100,100,100,100,100,0,0,0,0,0,0,0,0,0,0,0,0,110,110
110,100,100,100,100,100,100,100,100,100,100,100,100,100,100,100,100,100,100,100,100,100,100,100,100,100,100,100,100,100,100,100,100,100,100,100,100,100,100,100,100,100,100,100,100,100,100,100,100,100,100,100,100,100,0,0,0,0,0,0,0,0,0,0,0,0,110,110
110,100,100,100,100,100,100,100,100,100,100,100,100,100,100,100,100,100,100,100,100,100,100,100,100,100,100,100,100,100,100,100,100,100,100,100,100,100,100,100,100,100,100,100,100,100,100,100,100,100,100,100,100,100,0,0,0,0,0,0,0,0,0,0,0,0,110,110
110,100,100,100,100,100,100,100,100,100,100,100,100,100,100,100,100,100,100,100,100,100,100,100,100,100,100,100,100,100,100,100,100,100,100,100,100,100,100,100,100,100,100,100,100,100,100,100,100,100,100,100,100,100,0,0,0,0,0,0,0,0,0,0,0,0,110,110
110,100,100,100,100,100,100,100,100,100,100,100,100,100,100,100,100,100,100,100,100,100,100,100,100,100,100,100,100,100,100,100,100,100,100,100,100,100,100,100,100,100,100,100,100,100,100,100,100,100,100,100,100,100,0,0,0,0,0,0,0,0,0,0,0,0,110,110
110,100,100,100,100,100,100,100,100,100,100,100,100,100,100,100,100,100,100,100,100,100,100,100,100,100,100,100,100,100,100,100,100,100,100,100,100,100,100,100,100,100,100,100,100,100,100,100,100,100,100,100,100,100,0,0,0,0,0,0,0,0,0,0,0,0,110,110
110,100,100,100,100,100,100,100,100,100,100,100,100,100,100,100,100,100,100,100,100,100,100,100,100,100,100,100,100,100,100,100,100,100,100,100,100,100,100,100,100,100,100,100,100,100,100,100,100,100,100,100,100,100,0,0,0,0,0,0,0,0,0,0,0,0,110,110
110,100,100,100,100,100,100,100,100,100,100,100,100,100,100,100,100,100,100,100,100,100,100,100,100,100,100,100,100,100,100,100,100,100,100,100,100,100,100,100,100,100,100,100,100,100,100,100,100,100,100,100,100,100,0,0,0,0,0,0,0,0,0,0,0,0,110,110
110,100,100,100,100,100,100,100,100,100,100,100,100,100,100,100,100,100,100,100,100,100,100,100,100,100,100,100,100,100,100,100,100,100,100,100,100,100,100,100,100,100,100,100,100,100,100,100,100,100,100,100,100,100,0,0,0,0,0,0,0,0,0,0,0,0,110,110
110,100,100,100,100,100,100,100,100,100,100,100,100,100,100,100,100,100,100,100,100,100,100,100,100,100,100,100,100,100,100,100,100,100,100,100,100,100,100,100,100,100,100,100,100,100,100,100,100,100,100,100,100,100,0,0,0,0,0,0,0,0,0,0,0,0,110,110
110,100,100,100,100,100,100,100,100,100,100,100,100,100,100,100,100,100,100,100,100,100,100,100,100,100,100,100,100,100,100,100,100,100,100,100,100,100,100,100,100,100,100,100,100,100,100,100,100,100,100,100,100,100,0,0,0,0,0,0,0,0,0,0,0,0,110,110
110,100,100,100,100,100,100,100,100,100,100,100,100,100,100,100,100,100,100,100,100,100,100,100,100,100,100,100,100,100,100,100,100,100,100,100,100,100,100,100,100,100,100,100,100,100,100,100,100,100,100,100,100,100,0,0,0,0,0,0,0,0,0,0,0,0,110,110
110,100,100,100,100,100,100,100,100,100,100,100,100,100,100,100,100,100,100,100,100,100,100,100,100,100,100,100,100,100,100,100,100,100,100,100,100,100,100,100,100,100,100,100,100,100,100,100,100,100,100,100,100,100,0,0,0,0,0,0,0,0,0,0,0,0,110,110
110,100,100,100,100,100,100,100,100,100,100,100,100,100,100,100,100,100,100,100,100,100,100,100,100,100,100,100,100,100,100,100,100,100,100,100,100,100,100,100,100,100,100,100,100,100,100,100,100,100,100,100,100,100,0,0,0,0,0,0,0,0,0,0,0,0,110,110
110,100,100,100,100,100,100,100,100,100,100,100,100,100,100,100,100,100,100,100,100,100,100,100,100,100,100,100,100,100,100,100,100,100,100,100,100,100,100,100,100,100,100,100,100,100,100,100,100,100,100,100,100,100,0,0,0,0,0,0,0,0,0,0,0,0,110,110
110,100,100,100,100,100,100,100,100,100,100,100,100,100,100,100,100,100,100,100,100,100,100,100,100,100,100,100,100,100,100,100,100,100,100,100,100,100,100,100,100,100,100,100,100,100,100,100,100,100,100,100,100,100,0,0,0,0,0,0,0,0,0,0,0,0,110,110
110,100,100,100,100,100,100,100,100,100,100,100,100,100,100,100,100,100,100,100,100,100,100,100,100,100,100,100,100,100,100,100,100,100,100,100,100,100,100,100,100,100,100,100,100,100,100,100,100,100,100,100,100,100,0,0,0,0,0,0,0,0,0,0,0,0,110,110
110,100,100,100,100,100,100,100,100,100,100,100,100,100,100,100,100,100,100,100,100,100,100,100,100,100,100,100,100,100,100,100,100,100,100,100,100,100,100,100,100,100,100,100,100,100,100,100,100,100,100,100,100,100,0,0,0,0,0,0,0,0,0,0,0,0,110,110
110,100,100,100,100,100,100,100,100,100,100,100,100,100,100,100,100,100,100,100,100,100,100,100,100,100,100,100,100,100,100,100,100,100,100,100,100,100,100,100,100,100,100,100,100,100,100,100,100,100,100,100,100,100,0,0,0,0,0,0,0,0,0,0,0,0,110,110
110,100,100,100,100,100,100,100,100,100,100,100,100,100,100,100,100,100,100,100,100,100,100,100,100,100,100,100,100,100,100,100,100,100,100,100,100,100,100,100,100,100,100,100,100,100,100,100,100,100,100,100,100,100,0,0,0,0,0,0,0,0,0,0,0,0,110,110
110,100,100,100,100,100,100,100,100,100,100,100,100,100,100,100,100,100,100,100,100,100,100,100,100,100,100,100,100,100,100,100,100,100,100,100,100,100,100,100,100,100,100,100,100,100,100,100,100,100,100,100,100,100,0,0,0,0,0,0,0,0,0,0,0,0,110,110
110,100,100,100,100,100,100,100,100,100,100,100,100,100,100,100,100,100,100,100,100,100,100,100,100,100,100,100,100,100,100,100,100,100,100,100,100,100,100,100,100,100,100,100,100,100,100,100,100,100,100,100,100,100,0,0,0,0,0,0,0,0,0,0,0,0,110,110
